{
    "batchName": "",
    "batchTime": 0,
    "boardConf": "",
    "boardCustom": "",
    "boardName": "OAK-D",
    "boardOptions": 0,
    "boardRev": "R1M0E1",
    "cameraData": [
        [
            2,
            {
                "cameraType": 0,
                "distortionCoeff": [
                    -10.04180908203125,
                    92.11437225341797,
                    -0.00035444667446427047,
                    0.0025337417609989643,
                    -54.90245056152344,
                    -10.084193229675293,
                    91.66340637207031,
                    -53.586181640625,
                    0.0,
                    0.0,
                    0.0,
                    0.0,
                    0.0,
                    0.0
                ],
                "extrinsics": {
                    "rotationMatrix": [
                        [
                            0.9999770522117615,
                            0.006747960578650236,
                            0.0005782527150586247
                        ],
                        [
                            -0.0067438120022416115,
                            0.9999534487724304,
                            -0.006898836698383093
                        ],
                        [
                            -0.000624778913334012,
                            0.006894778925925493,
                            0.9999760389328003
                        ]
                    ],
                    "specTranslation": {
                        "x": 3.75,
                        "y": 0.0,
                        "z": 0.0
                    },
                    "toCameraSocket": 0,
                    "translation": {
                        "x": 3.7301957607269287,
                        "y": 0.05411753058433533,
                        "z": -0.222650408744812
                    }
                },
                "height": 800,
                "intrinsicMatrix": [
                    [
                        799.0159912109375,
                        0.0,
                        657.722412109375
                    ],
                    [
                        0.0,
                        799.0159912109375,
                        394.2848205566406
                    ],
                    [
                        0.0,
                        0.0,
                        1.0
                    ]
                ],
                "lensPosition": 0,
                "specHfovDeg": 71.86000061035156,
                "width": 1280
            }
        ],
        [
            1,
            {
                "cameraType": 0,
                "distortionCoeff": [
                    -9.442137718200684,
                    92.35245513916016,
                    -0.0015628959517925978,
                    0.0005310655105859041,
                    -68.50575256347656,
                    -9.503060340881348,
                    91.92387390136719,
                    -67.15755462646484,
                    0.0,
                    0.0,
                    0.0,
                    0.0,
                    0.0,
                    0.0
                ],
                "extrinsics": {
                    "rotationMatrix": [
                        [
                            0.9997291564941406,
                            0.023238614201545715,
                            -0.0012726197019219398
                        ],
                        [
                            -0.023203834891319275,
                            0.9994738698005676,
                            0.02266096882522106
                        ],
                        [
                            0.0017985596787184477,
                            -0.022625301033258438,
                            0.9997423887252808
                        ]
                    ],
                    "specTranslation": {
                        "x": -7.5,
                        "y": 0.0,
                        "z": 0.0
                    },
                    "toCameraSocket": 2,
                    "translation": {
                        "x": -7.509600639343262,
                        "y": 0.01198083907365799,
                        "z": -0.06011694297194481
                    }
                },
                "height": 800,
                "intrinsicMatrix": [
                    [
                        803.7589111328125,
                        0.0,
                        634.8147583007813
                    ],
                    [
                        0.0,
                        803.7589111328125,
                        411.3540344238281
                    ],
                    [
                        0.0,
                        0.0,
                        1.0
                    ]
                ],
                "lensPosition": 0,
                "specHfovDeg": 71.86000061035156,
                "width": 1280
            }
        ],
        [
            0,
            {
                "cameraType": 0,
                "distortionCoeff": [
                    2.088857412338257,
                    -82.30382537841797,
                    -0.0007134702173061669,
                    0.0020022473763674498,
                    315.66143798828125,
                    1.8588818311691284,
                    -80.08395385742188,
                    308.980712890625,
                    0.0,
                    0.0,
                    0.0,
                    0.0,
                    0.0,
                    0.0
                ],
                "extrinsics": {
                    "rotationMatrix": [
                        [
                            0.0,
                            0.0,
                            0.0
                        ],
                        [
                            0.0,
                            0.0,
                            0.0
                        ],
                        [
                            0.0,
                            0.0,
                            0.0
                        ]
                    ],
                    "specTranslation": {
                        "x": -0.0,
                        "y": -0.0,
                        "z": -0.0
                    },
                    "toCameraSocket": -1,
                    "translation": {
                        "x": 0.0,
                        "y": 0.0,
                        "z": 0.0
                    }
                },
                "height": 2160,
                "intrinsicMatrix": [
                    [
                        3075.795166015625,
                        0.0,
                        1927.9949951171875
                    ],
                    [
                        0.0,
                        3075.795166015625,
                        1078.13427734375
                    ],
                    [
                        0.0,
                        0.0,
                        1.0
                    ]
                ],
                "lensPosition": 125,
                "specHfovDeg": 68.7938003540039,
                "width": 3840
            }
        ]
    ],
    "deviceName": "",
    "hardwareConf": "",
    "housingExtrinsics": {
        "rotationMatrix": [],
        "specTranslation": {
            "x": 0.0,
            "y": 0.0,
            "z": 0.0
        },
        "toCameraSocket": -1,
        "translation": {
            "x": 0.0,
            "y": 0.0,
            "z": 0.0
        }
    },
    "imuExtrinsics": {
        "rotationMatrix": [
            [
                0.0,
                0.0,
                0.0
            ],
            [
                0.0,
                0.0,
                0.0
            ],
            [
                0.0,
                0.0,
                0.0
            ]
        ],
        "specTranslation": {
            "x": 0.0,
            "y": 0.0,